[
  {
    "str": "@import url(\"https://github.com/roshan2197/atri/blob/489d83d93e12eadf6075094a622df5e2e5c2b339/home.css\")",
    "method": "css",
    "imports": {
      "fonts": []
    }
  },
  {
    "str": "@import url('https://fonts.googleapis.com/css2?family=IBM+Plex+Sans&display=swap');",
    "method": "css",
    "imports": {
      "fonts": [
        {
          "fontFamily": "IBM Plex Sans",
          "fontStyle": "normal",
          "fontWeight": 400
        }
      ]
    }
  },
  {
    "str": "@import url('https://fonts.googleapis.com/css2?family=IBM+Plex+Sans:wght@500&display=swap');",
    "method": "css",
    "imports": {
      "fonts": [
        {
          "fontFamily": "IBM Plex Sans",
          "fontStyle": "normal",
          "fontWeight": 500
        }
      ]
    }
  },
  {
    "str": "@import url('https://fonts.googleapis.com/css2?family=IBM+Plex+Sans:wght@600&display=swap');",
    "method": "css",
    "imports": {
      "fonts": [
        {
          "fontFamily": "IBM Plex Sans",
          "fontStyle": "normal",
          "fontWeight": 600
        }
      ]
    }
  },
  {
    "str": "@import url('https://fonts.googleapis.com/css2?family=IBM+Plex+Sans:wght@400&display=swap');",
    "method": "css",
    "imports": {
      "fonts": [
        {
          "fontFamily": "IBM Plex Sans",
          "fontStyle": "normal",
          "fontWeight": 400
        }
      ]
    }
  }
]