{
  "store.svg": {
    "mime": "image/svg+xml"
  },
  "logo.svg": {
    "mime": "image/svg+xml"
  },
  "appx.jpg": {
    "mime": "image/jpeg"
  },
  "girl-img.jpeg": {
    "mime": "image/jpeg"
  },
  "aboutme.svg": {
    "mime": "image/svg+xml"
  },
  "img1.svg": {
    "mime": "image/svg+xml"
  },
  "img2.jpeg": {
    "mime": "image/jpeg"
  },
  "all.svg": {
    "mime": "image/svg+xml"
  },
  "pres.jpg": {
    "mime": "image/jpeg"
  },
  "ready.jpg": {
    "mime": "image/jpeg"
  },
  "60ea7730446e3d91fa832398_product-design-skill-icon-portfolio-x-webflow-template.svg": {
    "mime": "image/svg+xml"
  },
  "img3.svg": {
    "mime": "image/svg+xml"
  },
  "img4.svg": {
    "mime": "image/svg+xml"
  },
  "img5.svg": {
    "mime": "image/svg+xml"
  },
  "img6.svg": {
    "mime": "image/svg+xml"
  },
  "img7.svg": {
    "mime": "image/svg+xml"
  },
  "keyboard.jpeg": {
    "mime": "image/jpeg"
  }
}